Nama Berbintang,Waktu,review,Nama tak Berbintang,ratings
,2023-07-09 10:19 | Variasi: Yellow,Fitur Terbaik: pas buat amazfit bip,wahyu88x,5
a*****u,2023-07-10 20:30 | Variasi: Dark Blue,"Sepadan dengan Harga: yaFitur Terbaik: yaPesanan diterima dengan baik dan aman. Sebenarnya untuk ukuran pas. Warna sesuai dengan pesanan gak terlalu cerah, bahan rubber cukup lentur.",,5
,2023-05-08 14:10 | Variasi: Grey,"Sepadan dengan Harga: sesuai dgn harga, worth it",nonasifqa,5
,2022-09-17 11:10 | Variasi: Grey,Fitur Terbaik: Best strap,artanoviabm,5
,2023-03-18 17:28 | Variasi: Dark Blue,Sepadan dengan Harga: yes,novitalia26,5
,2022-11-02 08:41 | Variasi: Dark Blue,Fitur Terbaik: sesuai dh gambar,aliadestia,5
a*****4,2022-11-28 23:08 | Variasi: Blue,"Murah tapi bagus strapnya, warna navy blue nya kece, masangnya gampang, thanks",,5
m*****_,2023-01-30 12:45 | Variasi: Dark Blue,Fitur Terbaik: BaikSepadan dengan Harga: SepadanBarang sangat bagus semoga awet dan pengriman cepat,,5
c*****0,2023-02-06 09:40 | Variasi: Dark Blue,"Fitur Terbaik: bagusSepadan dengan Harga: sesuaiBarang sudah sampai dengan selamat,bubblenya tebal mantap semoga awet",,5
,2022-10-23 09:04 | Variasi: Yellow,"Fitur Terbaik: lembut, lenturnya pas",diantaragesangsaputro,5
,2023-07-11 18:23 | Variasi: Dark Blue,Fitur Terbaik: warna sip,susantowj,5
m*****0,2023-04-11 10:20 | Variasi: Red,"Sepadan dengan Harga: yaFitur Terbaik: yaBelum dicoba sih semoga cocok 
Packing rapi banget dan rapi 
Kurir baik dan garcep 
Makasih",,5
a*****t,2023-03-11 11:28 | Variasi: Black,"Sudah diterima dengan baik, sesuai pesanan, bagus, pemasangan mudah, pengemasan cepat, pengiriman jg cepat, terima kasih",,5
i*****9,2023-02-08 10:48 | Variasi: Blue,"Sesuai dengan produknya n gambarnya
Selalu langganan sama seller neh",,5
d*****1,2023-02-21 18:41 | Variasi: Black,"Fitur Terbaik: kesehatanSepadan dengan Harga: oke lahBarang original, sesuai sama harganya.. dan dpet bonus strap dan pelindung layar.. jd double deh strap cadanganku hahaa
Btw makasih seller, sukses selalu",,4
,2023-07-07 18:34 | Variasi: White,Fitur Terbaik: iya,arifsiswandi,5
y*****r,2022-10-05 06:34 | Variasi: White,"Seller gercep, pengiriman cepat, packing juga aman. Terima kasih seller",,5
,2022-11-18 18:44 | Variasi: Grey,Fitur Terbaik: ok,de_lucky92,5
o*****f,2023-04-06 19:03 | Variasi: Green,Sepadan dengan Harga: bagus bangetFitur Terbaik: terbaikasli ini bener bener lembut parah strap nya bagus ga bakal nyesel beli,,5
,2023-06-12 18:17 | Variasi: Yellow,Sepadan dengan Harga: harga terjangkau barang bagus,umiandayani22,5
,2022-10-22 18:12 | Variasi: Green,Fitur Terbaik: warna barang tidak sesuai dengan gambar,diantaragesangsaputro,4
,2023-03-28 07:22 | Variasi: Dark Blue,Sepadan dengan Harga: ada harga ada kualitas,hariskadir117,5
f*****8,2023-11-28 17:58 | Variasi: White,"Strapny bagus bgt dan lebih rapat dibanding strap asli bawaanny, soalny tanganku kecil jd butuh yg lebih kecil hehe
Gampang jg diganti2nya, thanks seller",,5
,2023-05-28 14:09 | Variasi: Dark Blue,Fitur Terbaik: baik,adizarkus,5
,2023-02-03 16:21 | Variasi: Yellow,Fitur Terbaik: bahannya kokoh,imutna21,5
,2022-11-22 15:02 | Variasi: Dark Blue,Fitur Terbaik: bahan karet. Oke,machfuud2005,4
w*****8,2023-09-13 21:13 | Variasi: Blue,"Fitur Terbaik: not badSepadan dengan Harga: tidak jugaPackingan aman, pengiriman standart, warna ok, tapi sayang ada cacatnya sedikit ☹️",,4
,2023-04-17 17:25 | Variasi: Red,Fitur Terbaik: bagus pas dapat harga flash sale pula,yanthidmr,5
,2023-07-20 21:15 | Variasi: Blue,Fitur Terbaik: pas ukurannya,cigito,5
i*****5,2023-08-13 17:42 | Variasi: Red,"Tulisannya Red, tapi ini lebih ke oren sih warnanya, bukan merah lagi. Selain itu bahan nyaman dan kuncian mudah untuk pemasangan",,4
,2022-10-28 18:06 | Variasi: Yellow,,helisakeumala,5
,2022-09-24 14:34 | Variasi: Yellow,Fitur Terbaik: sesuai deskripsi seller,ulvqbe7hzl,5
m*****8,2022-11-16 07:59 | Variasi: Wine Red,"Fitur Terbaik: bagusPaket main di lempar saja oleh jasa kurir, kualitas bagus👍🏻",,5
7*****n,2023-03-04 20:02 | Variasi: Black,BARANG TERLALU LAMA KIRIM NYA... DI CHAT PENJUAL TIDAK MERESPONE... SANGAT SANGAT BURUK PELAYANAN DI TOKO INI SANGAT2 TIDAK RECOMENDED BARANG JUGA TIDAK ORIGINAL ALIAS KW SUPER ...,,1
,2023-09-08 14:37 | Variasi: Red,,sahrul_sf,3
,2023-09-08 08:40 | Variasi: Black,Fitur Terbaik: baik,pingkanpitoysihite,5
,2022-11-14 18:07 | Variasi: Green,Fitur Terbaik: ya,pusatcustom,5
,2022-09-30 12:19 | Variasi: White,Fitur Terbaik: warna sesuai,sonnymuljadi,5
r*****1,2023-04-02 22:45 | Variasi: Red,Fitur Terbaik: talinya bagusSepadan dengan Harga: terjangkauStrapnya sudah diterima dengan baik,,5
h*****7,2023-05-26 15:16 | Variasi: Grey,Sepadan dengan Harga: iyaFitur Terbaik: karet lenturBarang bagus karetnya lentur dan lumayan tebal,,5
,2023-07-21 17:44 | Variasi: White,"Fitur Terbaik: Produk asli, kualitas sangat bagus",bangsusilo24,5
,2023-12-08 17:40 | Variasi: Blue,,dzitha,5
,2023-03-30 13:45 | Variasi: Dark Blue,Sepadan dengan Harga: strapnya bagus bahannya,irmajoewita,5
,2023-07-22 09:10 | Variasi: Blue,,doddydores,3
m*****w,2024-01-01 17:47 | Variasi: Red,"Produk sesuai pesanan dan harapan. Semoga awet dan bermanfaat.
Tapi, lain kali selain alamat tujuan, no hp penerima juga ditulis yaa.. Biar memudahkan koordinasi dgn kurirnya.",,5
,2023-02-25 15:58 | Variasi: Black,Fitur Terbaik: not bad,hildaaa_hf,5
,2023-05-12 15:09 | Variasi: Black,,puspitanita,4
,2023-03-17 18:02 | Variasi: White,Sepadan dengan Harga: ok,dilansantoso,4
a*****i,2023-04-08 16:47 | Variasi: Red,"Hijaunya gak sesuai gambar.
Digambar hijau stabilo
Yg dtng hijau army
Pembodohan publik ini sih.",,2
i*****0,2023-07-02 16:37 | Variasi: Dark Blue,"Product sesuai deskripsi, pengiriman cepat, mantap seller",,5
d*****i,2022-12-14 11:14 | Variasi: Green,Fitur Terbaik: mantapSepadan dengan Harga: sepadanSayang warna nggak sesuai difoto yang data hijau army,,5
p*****i,2023-05-09 08:37 | Variasi: Red,"Dikirim sesuai pesanan. Kualitas bagus, harga terjangkau. Trima kasih🙏",,5
,2022-12-06 22:43 | Variasi: Green,"Fitur Terbaik: warna tidak sesuai Di gambar jauuuhh sekali, lain x harus di tmabkan warna hijau Armi. lebih jelas hrusnya",anjaniputrikn,4
,2022-09-29 13:03 | Variasi: Green,Fitur Terbaik: warna ga sesuai,andryferbiansyah,2
a*****e,2022-11-29 15:35 | Variasi: Blue,Makasi banyaknpesananku udah nyampe dengan cepat.. cucok meong,,5
,2023-04-15 15:59 | Variasi: Dark Blue,,sanny69donsit,2
,2023-07-05 12:06 | Variasi: Pink,Fitur Terbaik: bagus,annisakhidayatillah,4
w*****a,2022-11-14 07:31 | Variasi: Dark Blue,Fitur Terbaik: lumayanSepadan dengan Harga: lumayan,,5
a*****y,2022-10-15 06:56 | Variasi: Green,Mengecewakan. Warna hijaunya army tidak sesuai dengan gambar (hijau tosca),,2
,2023-01-28 19:19 | Variasi: Yellow,Sepadan dengan Harga: 👍,eejz70ogwm0w3sl18zfhdmsew439,5
m*****a,2022-10-31 19:59 | Variasi: Green,"Di gambar warna green turqoise, taunya green army",,5
s*****o,2022-11-02 17:48 | Variasi: Dark Blue,Walaupun datangnya agak lama tp barangnya bagus..,,5
,2022-11-22 23:26 | Variasi: Green,,shepandnx,1
z*****2,2023-10-11 17:06 | Variasi: Wine Red,Fitur Terbaik: sukaSepadan dengan Harga: sukaTrimakasih,,5
g*****2,2022-10-28 21:33 | Variasi: Blue,Fitur Terbaik: FleksibelSepadan dengan Harga: IyaBagus,,5
,2022-10-19 19:32 | Variasi: Blue,Fitur Terbaik: mantap,bakhtiar777,5
,2023-03-25 10:26 | Variasi: Dark Blue,Sepadan dengan Harga: sesuai harga,diyanmarwati,5
,2023-05-14 06:57 | Variasi: Black,,yudi_tu,4
p*****a,2023-01-06 22:19 | Variasi: Blue,Belum pakai but okaay karena bundle dan diganti warna karena abis yang biru tapi suka abu2 jadi amann,,5
,2022-11-16 06:05 | Variasi: Wine Red,Fitur Terbaik: oke,rifsyariff,5
h*****d,2023-07-06 09:51 | Variasi: Dark Blue,Fitur Terbaik: goodSepadan dengan Harga: good,,5
c*****k,2023-09-01 05:47 | Variasi: Green,"Sepadan dengan Harga: yaFitur Terbaik: yaTerima kasih, barang sudah saya terima dan pas sekali.",,5
,2022-11-04 13:16 | Variasi: Dark Blue,Fitur Terbaik: bahan karet nya bagus,neni_diana,5
,2023-09-13 10:13 | Variasi: Blue,0:07,febrianika93,5
,2022-11-14 09:14 | Variasi: Green,,franz15041980,5
b*****a,2022-11-25 11:09 | Variasi: Grey,Fitur Terbaik: okSepadan dengan Harga: okBar and sesuai gambar dan respone penjual baik. Overaall ok,,4
,2023-04-16 08:51 | Variasi: Pink,,indahsaridewi87,3
,2022-10-21 22:02 | Variasi: Green,,meyfa24,5
g*****a,2022-09-27 19:16 | Variasi: Dark Blue,warna hijaunya ga sesuai gambar,,3
,2023-08-11 05:50 | Variasi: Green,Fitur Terbaik: warna tidak sesuai,cemilanmamih,2
,2023-07-14 18:35 | Variasi: Yellow,Sepadan dengan Harga: sesuailah,riniup,5
,2022-11-17 12:14 | Variasi: Wine Red,Fitur Terbaik: goooddd,mk_05abel,5
,2023-07-05 17:43 | Variasi: Dark Blue,,lindawibi,5
,2024-02-09 05:51 | Variasi: White,,cideng,5
c*****i,2022-12-25 12:30 | Variasi: Grey,"Ingin warna lain, cepet restock dong 😁",,5
c*****e,2023-07-09 16:30 | Variasi: Yellow,,,5
,2024-09-08 15:50 | Variasi: Wine Red,,elly_princess21,5
m*****i,2023-08-20 12:38 | Variasi: Blue,,,5
f*****s,2023-09-30 16:02 | Variasi: Red,0:12,,5
,2022-10-21 08:57 | Variasi: Green,,tibelle,4
,2022-11-17 16:11 | Variasi: Wine Red,,firmandorins,4
,2022-09-27 18:00 | Variasi: Grey,"Fitur Terbaik: barang bagus tapi yg hijau gk sama kya di gambar , kirain",sovie.cloth,3
,2023-02-28 11:23 | Variasi: Dark Blue,,a0c9ddqkji,5
,2023-03-10 00:35 | Variasi: White,,poncoapriyanto473,4
,2022-12-06 04:52 | Variasi: Blue,,rienshabrina,5
,2023-07-09 05:51 | Variasi: Yellow,Fitur Terbaik: Passsss mantaappp,frisma25,4
s*****a,2023-07-11 17:19 | Variasi: Dark Blue,"Sepadan dengan Harga: yaBahannya soft, enak dipakai, semoga awet",,5
,2022-09-22 18:40 | Variasi: Wine Red,Fitur Terbaik: warna nya mengecewakan,madalena99,5
,2022-12-11 09:26 | Variasi: Blue,Sepadan dengan Harga: yaa bagus,agungprayogatombol,4
,2022-12-05 20:57 | Variasi: Blue,Fitur Terbaik: bagus,xrhblx,5
s*****5,2022-11-06 13:07 | Variasi: Grey,Fitur Terbaik: GoodSepadan dengan Harga: Great!Thanks!,,5
,2023-06-21 20:35 | Variasi: Red,,roemah.akhtar,4
,2022-11-03 08:20 | Variasi: Grey,,awanmei32,5
,2022-10-17 11:32 | Variasi: Yellow,Fitur Terbaik: bagus keren,bzaretta,5
a*****4,2023-07-27 20:05 | Variasi: Pink,Kualitas lumayan semoga awet dalam pemakaian yaa mantull .,,5
g*****m,2023-05-13 09:52 | Variasi: Grey,Fitur Terbaik: okSip,,5
,2023-09-02 17:52 | Variasi: Blue,,devi.megga,5
,2023-07-21 20:02 | Variasi: Pink,,kezziaa07,5
b*****5,2023-07-01 21:18 | Variasi: White,kelazzz bang,,5
,2023-04-13 05:19 | Variasi: Red,,areislussy,5
,2023-05-26 09:36 | Variasi: Black,,berykristanti,5
,2023-05-12 16:42 | Variasi: Wine Red,,arummandrawati,5
,2023-08-08 05:30 | Variasi: Blue,,aripin_rahman,5
,2023-09-18 21:24 | Variasi: Wine Red,,andrisnj,5
,2023-03-01 15:32 | Variasi: White,,dila_aqhamshop717,5
,2023-09-13 05:26 | Variasi: Dark Blue,,afifahfariany2995,5
,2023-07-20 07:28 | Variasi: White,Sepadan dengan Harga: iya,bzaretta,5
m*****i,2023-03-09 13:52 | Variasi: Black,Thank you.,,5
,2022-10-13 18:32 | Variasi: Grey,,imamahmad22,5
,2023-02-09 12:31 | Variasi: Dark Blue,Fitur Terbaik: bagus,yubuda,5
,2022-11-28 20:11 | Variasi: Grey,,ayat.kyo,5
,2023-02-28 16:38 | Variasi: Dark Blue,Fitur Terbaik: mantap,muhammad_amsariyadi,5
,2022-10-13 11:29 | Variasi: Wine Red,,kenarinihaq1998,5
,2022-12-19 11:40 | Variasi: Green,,aldianoaulia,5
,2023-02-25 18:18 | Variasi: Dark Blue,,iqbalwardhana2,5
i*****9,2022-11-27 18:13 | Variasi: Grey,Fitur Terbaik: GoodSepadan dengan Harga: Yes,,5
,2022-11-27 16:06 | Variasi: Grey,,o8vmxpq372,5
,2023-01-24 07:41 | Variasi: Yellow,,abhieabhie308,5
y*****a,2024-07-17 07:06 | Variasi: Wine Red,Warna: bagusUkuran: sesuai,,4
,2023-09-10 14:46 | Variasi: Wine Red,,salmaalfirdaus,5
w*****8,2024-06-06 00:06 | Variasi: Wine Red,Warna: goodUkuran: pasKeaslian: good,,5
,2023-03-03 08:06 | Variasi: Black,"Fitur Terbaik: juara,udah itu aja",gustianalfa,5
,2023-04-15 09:48 | Variasi: Dark Blue,,dimas_dhimprut04,5
,2023-02-22 16:39 | Variasi: Red,,susansan84997,5
,2023-03-10 11:00 | Variasi: Dark Blue,,abdhyway,5
,2023-02-09 14:39 | Variasi: White,,amno19,5
h*****u,2022-11-19 05:50 | Variasi: Dark Blue,mntp,,5
,2022-09-24 16:17 | Variasi: White,,lilikistifadah16,5
u*****u,2022-10-01 01:26 | Variasi: Wine Red,Ok sesuai deskripsi,,5
e*****p,2024-03-06 19:08 | Variasi: Black,"pesanan sudah sampai dan diterima dengan baik, terima kasih…",,5
c*****7,2024-03-25 22:00 | Variasi: White,Sepadan dengan Harga: lumayanFitur Terbaik: bagusLumayan lah ya pengemasan cepat dan barang sesuai,,5
l*****a,2024-04-28 05:56 | Variasi: White,"Sepadan dengan Harga: iyaFitur Terbaik: strap karetbagus, belom aku pasang belum sempat kalau pasang sendiri gabisa jadi mesti ke toko jam terima kasih min.",,5
,2023-11-16 21:14 | Variasi: Black,,wiwiknur3003,3
,2023-11-05 21:38 | Variasi: White,Sepadan dengan Harga: murah meriah banget,astriyunan,5
m*****l,2023-11-02 01:16 | Variasi: Red,"Sepadan dengan Harga: Harga masuk akalFitur Terbaik: Bahan silikon lembut 👍Produck sesuai dengan diskripsi, karet silikon lembut dan halus, warna produck solid bagus, pengiriman cepat",,5
a*****0,2023-09-15 20:27 | Variasi: Black,"Sepadan dengan Harga: sepadanFitur Terbaik: karetnya kuatsaya menunggu berhari hari sampai stocknya ready, bahannya kuat, warnanya tegas, kudu sabar nunggu warna hitam ready",,5
,2022-10-07 11:49 | Variasi: Wine Red,Fitur Terbaik: bagus,dapurmamayin,5
i*****8,2023-06-16 07:48 | Variasi: Red,"Fitur Terbaik: ganti2 strapSepadan dengan Harga: yaBarang cepet sampe packing rapi produk original, seller komunikatif.. thank you",,5
,2023-09-11 20:46 | Variasi: Wine Red,Fitur Terbaik: bahannya lentur,yanuaryektiningsih,5
,2023-05-17 15:10 | Variasi: Wine Red,,dwandrianiw,5
,2023-02-19 20:44 | Variasi: Dark Blue,,widhydp,5
,2023-09-16 18:25 | Variasi: Wine Red,Sepadan dengan Harga: good,ajatsdrjd,5
d*****6,2023-04-07 15:41 | Variasi: Green,Fitur Terbaik: recommendedSepadan dengan Harga: kualitasbagus sangat.,,5
,2022-11-12 19:07 | Variasi: Grey,,lkimihakim,5
,2022-11-26 15:26 | Variasi: Wine Red,Membantu?,adityabidin85,4
,2022-09-29 17:37 | Variasi: Yellow,respon penjual:,adhika_ali,1
,2023-04-07 14:02 | Variasi: Red,,fawazt112799,5
,2024-03-06 22:53 | Variasi: Black,Membantu?,novigalang,5
,2024-04-03 04:39 | Variasi: Black,Membantu?,rafikadianp,5
,2024-04-07 04:29 | Variasi: Black,Membantu?,diant1983,5
,2024-01-29 20:18 | Variasi: Blue,Membantu?,lia_uf,5
,2024-02-11 06:04 | Variasi: Black,Membantu?,jayastin_,5
,2024-02-18 17:34 | Variasi: Black,Membantu?,nadiaatsy,5
,2024-06-25 07:53 | Variasi: White,Membantu?,winola30,5
,2024-09-04 20:10 | Variasi: White,Membantu?,intanihsanul,5
,2024-09-30 11:28 | Variasi: White,Membantu?,fauzi_2610,5
,2024-01-27 15:04 | Variasi: Black,Membantu?,hastikadewi,5
,2024-02-17 20:25 | Variasi: Green,Membantu?,sondangmagdalena,5
,2024-10-24 12:22 | Variasi: Blue,Membantu?,inuelektro,5
,2024-02-08 20:57 | Variasi: Wine Red,Membantu?,hanbeautycaree,5
f*****r,2024-10-08 12:12 | Variasi: Wine Red,Membantu?Laporkan Penyalahgunaan,,5
n*****a,2024-03-07 00:24 | Variasi: Wine Red,Membantu?Laporkan Penyalahgunaan,,5
,2024-05-18 17:00 | Variasi: Wine Red,Membantu?,resadwi,5
,2024-02-11 12:19 | Variasi: Blue,Membantu?,yulianrumdi,4
,2024-06-25 21:38 | Variasi: Blue,Membantu?,odelonge,5
,2024-07-13 22:47 | Variasi: Wine Red,Membantu?,odelonge,5
,2024-02-25 21:23 | Variasi: Red,Membantu?,cici.a,4
,2024-01-15 22:45 | Variasi: Wine Red,Membantu?,mariand72,5
,2023-12-31 19:53 | Variasi: Black,Membantu?,hasriainun28,5
,2024-06-07 11:15 | Variasi: White,Membantu?,putra_cahngawi,5
,2024-04-22 11:43 | Variasi: Black,Membantu?,anamrowi,5
,2024-01-03 16:51 | Variasi: Black,Membantu?,hansenchristian95,5
,2024-02-22 14:33 | Variasi: Black,Membantu?,reyttha,5
,2024-02-11 06:11 | Variasi: Red,Membantu?,rian.septi,4
,2024-04-30 16:35 | Variasi: Black,Membantu?,hamid240,5
n*****g,2024-10-08 20:12 | Variasi: Wine Red,Membantu?Laporkan Penyalahgunaan,,5
,2024-01-07 23:16 | Variasi: White,Membantu?,tutiitatituu,5
,2024-02-29 23:55 | Variasi: Blue,Membantu?,budiekoprastiawan,5
s*****2,2024-03-01 06:01 | Variasi: Black,Membantu?Laporkan Penyalahgunaan,,5
,2024-02-04 08:00 | Variasi: White,Membantu?,andremarolopsinaga,5
,2024-02-15 05:55 | Variasi: White,Membantu?,gendhis0617,5
,2024-08-23 05:53 | Variasi: Blue,Membantu?,bektiadi87,5
,2024-01-06 18:42 | Variasi: Wine Red,Membantu?,dkhsol6qtu,4
,2024-03-06 17:57 | Variasi: White,Membantu?,wisnujabongtea,4
y*****n,2024-01-31 22:30 | Variasi: Black,Membantu?Laporkan Penyalahgunaan,,5
,2024-05-12 22:54 | Variasi: Wine Red,Membantu?,anggi.zulfahmi,1
,2023-12-27 20:41 | Variasi: Green,Membantu?,sule.bri,4
,2023-12-26 18:42 | Variasi: Blue,Membantu?,hendriansyahu99,5
,2023-12-25 16:17 | Variasi: Blue,Membantu?,emanuelelanghandra,5
,2023-12-22 21:06 | Variasi: Green,Membantu?,yudi_0501,5
,2023-12-23 09:54 | Variasi: Black,Membantu?,h.akbar12,5
,2023-12-17 20:48 | Variasi: Black,Membantu?,edios,4
,2023-12-13 21:58 | Variasi: Black,Membantu?,ummuabdillahika,5
,2023-12-10 21:19 | Variasi: Black,Membantu?,meivitadewi35,5
,2023-12-08 18:31 | Variasi: Black,Membantu?,anandaseptyaningputri,5
d*****o,2023-11-27 15:20 | Variasi: Green,Membantu?Laporkan Penyalahgunaan,,5
,2023-11-28 18:03 | Variasi: Wine Red,Membantu?,cintyanatalia22,5
,2023-11-22 16:35 | Variasi: Black,Membantu?,muhammadalbatawie,5
,2023-11-18 12:49 | Variasi: Wine Red,Membantu?,rahmat_saputra108,4
n*****a,2023-11-16 16:21 | Variasi: Black,Membantu?Laporkan Penyalahgunaan,,5
a*****t,2023-11-14 20:58 | Variasi: White,Membantu?Laporkan Penyalahgunaan,,5
,2023-11-13 13:22 | Variasi: Wine Red,Membantu?,ardianrinalsi,5
,2023-11-13 14:50 | Variasi: White,Membantu?,nayy2023,5
,2023-11-11 01:12 | Variasi: Black,Membantu?,anotherted99,5
e*****i,2023-11-02 22:15 | Variasi: Wine Red,respon penjual:Hi Kak. Terima kasih sudah berbelanja di toko kami dan dan meluangkan waktunya untuk memberikan rating positif ya Kak. Really appreciate it! Jangan lupa untuk follow Blackshark Wearable Official Store agar nantinya kakak mendapatkan informasi terbaru dari toko kami. We’re lucky to have you as our great customer. Thank you again Kak :),,5
,2023-11-02 20:33 | Variasi: Wine Red,respon penjual:,indaindi,5
,2023-10-31 19:09 | Variasi: Black,respon penjual:,dimashaqqi,5
,2023-10-26 08:35 | Variasi: Black,respon penjual:,orinsimamora,5
,2023-10-26 22:47 | Variasi: Wine Red,respon penjual:,winawidiawatiwina12,5
,2023-10-22 12:38 | Variasi: Wine Red,respon penjual:,semabdullah,5
n*****n,2023-10-23 19:44 | Variasi: Red,respon penjual:Hi Kak. Terima kasih sudah berbelanja di toko kami dan dan meluangkan waktunya untuk memberikan rating positif ya Kak. Really appreciate it! Jangan lupa untuk follow Blackshark Wearable Official Store agar nantinya kakak mendapatkan informasi terbaru dari toko kami. We’re lucky to have you as our great customer. Thank you again Kak :),,5
,2023-10-17 20:09 | Variasi: Blue,respon penjual:,dwimayanda,5
,2023-10-19 22:22 | Variasi: Red,respon penjual:,jami_8,5
,2023-10-19 18:32 | Variasi: Wine Red,respon penjual:,_anggressalsa,5
,2023-10-09 09:06 | Variasi: White,respon penjual:,audy_deetha,5
,2023-10-17 15:25 | Variasi: Wine Red,respon penjual:,claudio_ardiles,5
p*****o,2023-10-16 01:58 | Variasi: Wine Red,respon penjual:Hi Kak. Terima kasih sudah berbelanja di toko kami dan dan meluangkan waktunya untuk memberikan rating positif ya Kak. Really appreciate it! Jangan lupa untuk follow Blackshark Wearable Official Store agar nantinya kakak mendapatkan informasi terbaru dari toko kami. We’re lucky to have you as our great customer. Thank you again Kak :),,5
,2023-10-14 04:53 | Variasi: Wine Red,respon penjual:,adeprasetyasaputra,5
e*****i,2023-09-29 21:28 | Variasi: Blue,respon penjual:Hi Kak. Terima kasih sudah berbelanja di toko kami dan dan meluangkan waktunya untuk memberikan rating positif ya Kak. Really appreciate it! Jangan lupa untuk follow Blackshark Wearable Official Store agar nantinya kakak mendapatkan informasi terbaru dari toko kami. We’re lucky to have you as our great customer. Thank you again Kak :),,5
,2023-09-25 17:23 | Variasi: Green,Membantu?,bosspreman,5
,2023-10-03 06:00 | Variasi: Dark Blue,respon penjual:,stella28jowangkay,5
s*****i,2023-09-19 20:16 | Variasi: Black,Membantu?Laporkan Penyalahgunaan,,5
,2023-09-25 09:49 | Variasi: Wine Red,Membantu?,allea_ersya,5
j*****p,2023-09-14 20:28 | Variasi: White,Membantu?Laporkan Penyalahgunaan,,5
,2023-09-13 14:40 | Variasi: Black,Membantu?,djkhanza,5
,2023-09-13 21:05 | Variasi: Wine Red,Membantu?,fiqihazhari,5
,2023-09-12 13:00 | Variasi: Black,Membantu?,ahmadmuchroni,5
,2023-09-14 15:32 | Variasi: Black,Membantu?,edysulaba,5
,2023-09-11 17:39 | Variasi: Red,Membantu?,audy_deetha,5
,2023-09-16 12:33 | Variasi: Black,Membantu?,rfionn,5
a*****i,2023-09-20 18:49 | Variasi: Blue,Membantu?Laporkan Penyalahgunaan,,4
,2023-09-07 19:20 | Variasi: Wine Red,Membantu?,cabinstore86,5
,2023-09-07 09:00 | Variasi: Wine Red,Membantu?,christine11061986,5
n*****a,2023-09-05 21:32 | Variasi: Dark Blue,Membantu?Laporkan Penyalahgunaan,,5
o*****2,2023-09-19 10:56 | Variasi: Blue,Membantu?Laporkan Penyalahgunaan,,4
,2023-09-04 19:36 | Variasi: Green,Membantu?,pbrany92,5
,2023-09-10 08:53 | Variasi: Black,Membantu?,didiksupriono,5
,2023-09-10 13:33 | Variasi: Black,Membantu?,iva_savero2317,5
m*****a,2023-09-08 11:28 | Variasi: Blue,Membantu?Laporkan Penyalahgunaan,,5
d*****l,2023-09-01 17:30 | Variasi: Green,Membantu?Laporkan Penyalahgunaan,,4
,2023-09-14 17:33 | Variasi: Black,Membantu?,mallihdisinniiniee,5
,2023-09-12 17:30 | Variasi: Wine Red,Membantu?,dhikatyandika,5
,2023-09-10 16:29 | Variasi: White,Membantu?,felalestia,5
,2023-09-08 23:37 | Variasi: Black,Membantu?,raihanakhumairah07,5
a*****a,2023-09-07 16:33 | Variasi: White,Membantu?Laporkan Penyalahgunaan,,5
,2023-08-18 09:10 | Variasi: Blue,Membantu?,yenifebrirachmawati,5
,2023-08-17 16:54 | Variasi: White,Membantu?,yansentheopilus,5
,2023-08-22 17:55 | Variasi: Green,Membantu?,fajar.1018,5
s*****f,2023-08-13 22:18 | Variasi: Blue,Membantu?Laporkan Penyalahgunaan,,5
,2023-08-12 14:10 | Variasi: Blue,Membantu?,vit.masqa,5
,2023-08-30 02:35 | Variasi: Blue,Membantu?,dianrahhma,5
d*****n,2023-08-18 16:24 | Variasi: Green,Membantu?Laporkan Penyalahgunaan,,5
,2023-08-12 15:43 | Variasi: Blue,Membantu?,chaimengli,5
,2023-08-04 10:46 | Variasi: Blue,Membantu?,sudaryanto1512,4
,2023-08-01 06:50 | Variasi: Pink,Membantu?,dynanda,5
,2023-07-31 07:52 | Variasi: Pink,Membantu?,heryantosujarwo,5
f*****l,2023-07-29 23:20 | Variasi: Pink,Membantu?Laporkan Penyalahgunaan,,5
,2023-07-30 19:55 | Variasi: Blue,Membantu?,ohaiisionis,5
,2023-07-29 17:32 | Variasi: Yellow,Membantu?,putkanss,5
,2023-07-29 10:49 | Variasi: Pink,Membantu?,drdhyahayu,5
,2023-08-20 07:25 | Variasi: Dark Blue,Membantu?,toko.napis,5
,2023-07-22 11:11 | Variasi: Blue,Membantu?,iharahap,5
i*****y,2023-08-17 18:56 | Variasi: Black,Membantu?Laporkan Penyalahgunaan,,5
b*****1,2023-08-07 16:04 | Variasi: Blue,Membantu?Laporkan Penyalahgunaan,,5
,2022-10-14 05:52 | Variasi: Wine Red,Langganan,akuy1978,5
,2022-10-14 05:53 | Variasi: Yellow,Langganan,akuy1978,5
,2023-07-19 10:23 | Variasi: Blue,Membantu?,pusari22,5
,2023-08-06 19:01 | Variasi: Yellow,Membantu?,s_ssegaf,5
7*****g,2023-07-15 18:31 | Variasi: White,Membantu?Laporkan Penyalahgunaan,,5
,2023-07-17 20:09 | Variasi: Red,Membantu?,wandinawandina6,5
,2023-07-14 20:33 | Variasi: White,Membantu?,liahendrawati14,5
,2023-08-06 22:43 | Variasi: Pink,Membantu?,christoperdvn,5
l*****e,2023-07-12 12:41 | Variasi: Dark Blue,Membantu?Laporkan Penyalahgunaan,,5
n*****h,2023-07-08 11:44 | Variasi: Dark Blue,Membantu?Laporkan Penyalahgunaan,,5
,2023-07-07 19:34 | Variasi: Red,Membantu?,firdarosiana,5
,2023-08-10 21:15 | Variasi: Blue,Membantu?,farizds15,5
v*****a,2023-07-06 07:04 | Variasi: Dark Blue,respon penjual:Hi Kak. Terima kasih sudah berbelanja di toko kami dan dan meluangkan waktunya untuk memberikan rating positif ya Kak. Really appreciate it! Jangan lupa untuk follow Amazfit Official Store agar nantinya kakak mendapatkan informasi terbaru dari toko kami. We’re lucky to have you as our great customer. Thank you again Kak :),,5
,2023-07-28 22:42 | Variasi: Green,Membantu?,felcitabellayati,4
,2023-07-03 06:52 | Variasi: Yellow,respon penjual:,farid_anggita,5
,2023-07-16 13:38 | Variasi: Red,Membantu?,nazar.fajri,5
s*****y,2023-07-01 01:53 | Variasi: Yellow,respon penjual:Hi Kak. Terima kasih sudah berbelanja di toko kami dan dan meluangkan waktunya untuk memberikan rating positif ya Kak. Really appreciate it! Jangan lupa untuk follow Amazfit Official Store agar nantinya kakak mendapatkan informasi terbaru dari toko kami. We’re lucky to have you as our great customer. Thank you again Kak :),,5
,2023-06-30 19:07 | Variasi: Dark Blue,respon penjual:,dhidhien,5
s*****s,2023-07-15 11:06 | Variasi: Red,Membantu?Laporkan Penyalahgunaan,,5
,2023-07-22 10:14 | Variasi: Yellow,Membantu?,louisthomson,5
,2023-06-27 02:01 | Variasi: Blue,Membantu?,aryzona04,4
,2023-06-23 21:15 | Variasi: Red,respon penjual:,bayu_zeva,5
,2023-08-04 11:46 | Variasi: Pink,Membantu?,happynoz.idn,5
,2023-07-05 18:24 | Variasi: Red,respon penjual:,syintafadilla,5
,2023-06-21 16:13 | Variasi: Yellow,respon penjual:,desitry700,5
,2023-06-22 06:04 | Variasi: Yellow,respon penjual:,liayuliani85,5
,2023-06-15 21:25 | Variasi: Red,Membantu?,dianfujia,4
,2023-06-10 20:50 | Variasi: Black,respon penjual:,noooy1616,5
,2023-06-28 14:01 | Variasi: Pink,respon penjual:,laudramia_,5
,2023-07-05 20:21 | Variasi: Dark Blue,respon penjual:,onecore,5
j*****b,2023-07-28 09:31 | Variasi: Yellow,Membantu?Laporkan Penyalahgunaan,,5
,2023-06-01 04:47 | Variasi: Blue,Membantu?,jania1488,4
r*****a,2023-05-26 19:24 | Variasi: Black,Membantu?Laporkan Penyalahgunaan,,5
s*****a,2023-05-25 08:18 | Variasi: Black,Membantu?Laporkan Penyalahgunaan,,5
,2023-05-26 12:23 | Variasi: Black,Membantu?,antiseptix,5
,2023-06-04 05:35 | Variasi: Grey,Membantu?,arniti101185,4
,2023-07-08 15:16 | Variasi: Red,Membantu?,farida_chy,5
,2023-06-21 20:34 | Variasi: Red,respon penjual:,dhenok_haris,5
,2023-07-14 11:18 | Variasi: Dark Blue,Membantu?,lika_15,4
,2023-06-25 13:02 | Variasi: Red,respon penjual:,kinandaeeka5,5
,2023-05-12 18:15 | Variasi: Black,Membantu?,Pengguna Shopee,5
,2023-05-22 15:51 | Variasi: Black,Membantu?,basicbar,5
d*****o,2023-05-07 17:44 | Variasi: Wine Red,Membantu?Laporkan Penyalahgunaan,,5
,2023-05-06 10:00 | Variasi: Wine Red,Membantu?,nrfinny,5
,2023-07-12 14:31 | Variasi: Red,Membantu?,darwanhariyanto,5
,2023-04-27 07:29 | Variasi: Dark Blue,Membantu?,sintyani.s,5
,2023-04-25 20:42 | Variasi: Red,Membantu?,stephanie1985,5
m*****9,2023-04-21 13:47 | Variasi: Dark Blue,Membantu?Laporkan Penyalahgunaan,,5
,2023-04-21 19:30 | Variasi: White,Membantu?,nirmll,5
,2023-04-17 13:18 | Variasi: Pink,Membantu?,ririoktamiekariani,5
,2023-04-10 13:03 | Variasi: Red,Membantu?,sitirusmini33,5
,2023-04-10 07:00 | Variasi: Red,Membantu?,ayundbilqiest,5
,2023-07-20 15:38 | Variasi: Dark Blue,Membantu?,rerii,5
,2023-04-05 19:48 | Variasi: Red,Membantu?,annisaapryni,5
,2023-04-05 09:00 | Variasi: White,Membantu?,zakiya16,5
,2023-04-05 19:44 | Variasi: Pink,Membantu?,nandafitrianirizky,5
,2023-04-03 09:37 | Variasi: Red,Membantu?,rickocko,5
a*****z,2023-04-02 21:37 | Variasi: White,Membantu?Laporkan Penyalahgunaan,,5
,2023-03-31 00:04 | Variasi: Dark Blue,Membantu?,fauzisys,5
,2023-04-18 22:07 | Variasi: Red,Membantu?,wenda08,5
,2023-03-29 19:29 | Variasi: Dark Blue,Membantu?,abbas8833,5
t*****h,2023-04-03 10:29 | Variasi: Blue,Membantu?Laporkan Penyalahgunaan,,5
,2023-04-03 11:02 | Variasi: Dark Blue,Membantu?,ikamaryantiprabowo,5
,2023-03-25 13:09 | Variasi: Dark Blue,Membantu?,abdulkadir.akmj,5
t*****s,2023-03-25 17:45 | Variasi: White,Membantu?Laporkan Penyalahgunaan,,5
,2023-03-20 12:34 | Variasi: Green,Membantu?,apritaovia,5
,2023-03-18 19:09 | Variasi: Blue,Membantu?,firdaputriani77,5
,2023-03-15 20:49 | Variasi: Dark Blue,Membantu?,ohaiisionis,5
,2023-07-06 08:24 | Variasi: Dark Blue,respon penjual:,khansaulya18,5
,2023-03-15 10:41 | Variasi: Dark Blue,Membantu?,kimberly42,5
,2023-03-15 12:21 | Variasi: White,Membantu?,cielsil,5
,2023-03-11 20:33 | Variasi: Wine Red,Membantu?,shitarosita90,5
,2023-03-08 00:40 | Variasi: Black,Membantu?,qiandrashahreza,5
,2023-03-06 13:08 | Variasi: Black,Membantu?,health_supplies,5
,2023-03-05 18:57 | Variasi: Black,Membantu?,anandiaal,5
l*****4,2023-03-04 14:31 | Variasi: Blue,Membantu?Laporkan Penyalahgunaan,,5
,2023-03-04 16:47 | Variasi: Blue,Membantu?,nhiyafandy,5
,2023-03-03 12:38 | Variasi: Dark Blue,Membantu?,Pengguna Shopee,5
,2023-03-03 04:41 | Variasi: Red,Membantu?,cicilia_797979.,5
d*****a,2023-03-01 11:02 | Variasi: Black,Membantu?Laporkan Penyalahgunaan,,5
,2023-03-01 18:52 | Variasi: Dark Blue,Membantu?,armeli4,5
,2023-02-26 04:06 | Variasi: Pink,Membantu?,pratiwiind17,5
r*****i,2023-02-24 12:07 | Variasi: Black,Membantu?Laporkan Penyalahgunaan,,5
n*****m,2023-02-24 09:22 | Variasi: Dark Blue,Membantu?Laporkan Penyalahgunaan,,5
d*****o,2023-04-02 16:51 | Variasi: Dark Blue,Membantu?Laporkan Penyalahgunaan,,5
,2023-02-21 19:48 | Variasi: Yellow,Membantu?,berangkat,5
e*****q,2023-02-20 10:01 | Variasi: Dark Blue,Membantu?Laporkan Penyalahgunaan,,5
,2023-02-19 12:58 | Variasi: Black,Membantu?,Pengguna Shopee,5
e*****q,2023-02-19 07:27 | Variasi: Yellow,Membantu?Laporkan Penyalahgunaan,,5
,2023-02-17 17:56 | Variasi: Dark Blue,Membantu?,dinirhmtk,5
q*****a,2023-02-14 14:10 | Variasi: Black,Membantu?Laporkan Penyalahgunaan,,5
r*****i,2023-02-13 11:02 | Variasi: Dark Blue,Membantu?Laporkan Penyalahgunaan,,5
,2023-02-10 14:14 | Variasi: Wine Red,Membantu?,anitasusiami,5
,2023-02-09 04:13 | Variasi: Dark Blue,Membantu?,anitasusiami,5
,2023-02-08 11:25 | Variasi: White,Membantu?,nuraeniazz92,5
,2023-02-03 22:29 | Variasi: Wine Red,Membantu?,murnirahayu18,5
,2023-02-03 19:23 | Variasi: Red,Membantu?,syafiehg,5
p*****m,2023-02-02 06:41 | Variasi: White,Membantu?Laporkan Penyalahgunaan,,5
,2023-02-01 15:09 | Variasi: Pink,Membantu?,nrlkhadijah,5
c*****n,2023-01-27 22:25 | Variasi: Dark Blue,Membantu?Laporkan Penyalahgunaan,,5
n*****a,2023-01-28 13:40 | Variasi: Blue,Membantu?Laporkan Penyalahgunaan,,5
,2023-01-27 10:49 | Variasi: Blue,Membantu?,leka_dah,5
,2023-01-26 21:24 | Variasi: Black,Membantu?,innayulio,5
t*****s,2023-01-16 16:52 | Variasi: Grey,Membantu?Laporkan Penyalahgunaan,,5
,2023-01-15 09:11 | Variasi: Blue,Membantu?,dvagust,5
,2023-01-14 21:40 | Variasi: Grey,Membantu?,rizaratna,5
,2022-10-25 21:59 | Variasi: Dark Blue,Membantu?,nurainidini,5
,2022-10-13 06:49 | Variasi: Blue,Membantu?,wulandira28,5
,2022-09-25 09:30 | Variasi: Grey,Membantu?,de_lucag,5
h*****3,2022-11-13 10:35 | Variasi: Grey,Membantu?Laporkan Penyalahgunaan,,5
,2022-11-07 17:24 | Variasi: Dark Blue,Membantu?,mnf37,5
,2022-09-26 06:51 | Variasi: White,Membantu?,jen_0622,5
,2022-09-28 07:52 | Variasi: White,Membantu?,yennyardiani,5
,2022-11-19 11:10 | Variasi: Grey,Membantu?,endah.widyastuti,5
,2022-10-01 06:59 | Variasi: Dark Blue,Membantu?,jennymustikasari,5
,2022-09-27 10:06 | Variasi: Wine Red,Membantu?,anandaseptyaningputri,5
,2022-11-02 11:45 | Variasi: Grey,Membantu?,silviachang31,5
,2022-11-23 17:42 | Variasi: Grey,Membantu?,anitasusiami,5
,2022-11-04 20:00 | Variasi: Dark Blue,Membantu?,susan.melanti,5
,2022-12-17 10:34 | Variasi: Grey,Membantu?,achillesyw,5
,2022-11-23 15:00 | Variasi: Blue,Membantu?,rikihalo,5
,2022-10-21 15:48 | Variasi: Blue,Membantu?,uzhmataqiy,5
,2022-11-03 11:24 | Variasi: Dark Blue,Membantu?,nur_mallasari,5
,2022-10-13 18:11 | Variasi: Blue,Membantu?,kombiz,5
,2022-11-12 19:00 | Variasi: Wine Red,Membantu?,ikasaputri10,5
,2023-03-01 16:54 | Variasi: White,Membantu?,andridow7001,5
,2023-03-02 17:47 | Variasi: Dark Blue,Membantu?,ermarofaidahd,5
,2023-04-08 15:24 | Variasi: Pink,Membantu?,hojohn,5
a*****w,2022-10-09 18:12 | Variasi: Grey,Membantu?Laporkan Penyalahgunaan,,5
,2023-02-16 20:16 | Variasi: Pink,Membantu?,oktie1910,5
,2023-02-27 20:23 | Variasi: Black,Membantu?,endah.ps18,5
a*****t,2022-10-26 17:04 | Variasi: Blue,Membantu?Laporkan Penyalahgunaan,,5
,2023-03-17 04:34 | Variasi: Dark Blue,Membantu?,agustindecka,5
,2023-03-07 10:49 | Variasi: Black,Membantu?,julaikha1093,5
p*****i,2023-02-27 05:10 | Variasi: Black,Membantu?Laporkan Penyalahgunaan,,5
r*****2,2023-02-07 00:12 | Variasi: Dark Blue,Membantu?Laporkan Penyalahgunaan,,5
r*****o,2023-02-18 20:26 | Variasi: Pink,Membantu?Laporkan Penyalahgunaan,,5
,2023-02-14 23:49 | Variasi: Red,Membantu?,erfano,5
,2022-10-05 14:04 | Variasi: Dark Blue,Membantu?,henysusylo,5
,2023-02-08 12:43 | Variasi: Dark Blue,Membantu?,ayuayueva,5
,2023-02-27 14:22 | Variasi: Blue,Membantu?,lmufidah,5
,2022-12-06 13:05 | Variasi: Dark Blue,Membantu?,yogita.id3870_86263,5
,2022-12-01 07:15 | Variasi: Blue,Membantu?,lilyhari0808,5
,2022-09-22 11:57 | Variasi: Grey,Membantu?,dwiapriyanto220489,5
,2022-11-24 06:28 | Variasi: Green,Membantu?,listramikina,5
,2023-03-29 15:18 | Variasi: Red,Membantu?,sonyanovelisas,5
,2022-11-25 20:02 | Variasi: Grey,Membantu?,priettayudistri,5
,2023-03-02 17:05 | Variasi: Wine Red,Membantu?,ariyanti16ria,5
,2023-02-20 22:43 | Variasi: Dark Blue,Membantu?,usbmorzaks,5
,2022-10-11 20:39 | Variasi: Yellow,Membantu?,resadwi,5
,2023-03-02 20:13 | Variasi: Dark Blue,Membantu?,raudahrup,4
,2022-12-19 00:09 | Variasi: Green,Membantu?,natalia.bernita,4
,2023-03-03 08:26 | Variasi: Dark Blue,Membantu?,ekatheresia_,5
,2023-02-25 16:29 | Variasi: White,Membantu?,areztarezt,5
,2022-11-09 16:25 | Variasi: Wine Red,Membantu?,sabdanugraha,5
,2022-11-16 07:32 | Variasi: Green,Membantu?,rohimatul_anwar,5
,2023-02-07 22:48 | Variasi: Dark Blue,Membantu?,pusari22,5
,2022-11-26 06:41 | Variasi: Grey,Membantu?,gorrila.shop,5
,2023-06-20 17:15 | Variasi: Yellow,respon penjual:,radenabiyyu24,5
,2023-03-09 20:13 | Variasi: Blue,Membantu?,michaeljonathang,5
,2023-04-01 07:51 | Variasi: Blue,Membantu?,whitecouklet,5
a*****e,2022-11-25 23:48 | Variasi: Blue,Membantu?Laporkan Penyalahgunaan,,4
,2023-02-13 10:57 | Variasi: Pink,Membantu?,raysaf,5
,2022-11-22 06:30 | Variasi: Grey,Membantu?,endahz28,5
d*****3,2023-05-18 19:50 | Variasi: Black,Membantu?Laporkan Penyalahgunaan,,5
,2022-12-06 09:07 | Variasi: Blue,Membantu?,dhikapangestika,4
,2023-03-15 08:53 | Variasi: Green,Membantu?,korry1510,5
,2023-02-18 19:58 | Variasi: Black,Membantu?,hendriknikolas,5
,2022-10-06 14:00 | Variasi: Dark Blue,Membantu?,fahadaadarizki,5
,2023-02-09 13:37 | Variasi: Wine Red,Membantu?,maulanayogi7,4
a*****5,2023-03-03 20:44 | Variasi: Dark Blue,Membantu?Laporkan Penyalahgunaan,,5
a*****i,2022-10-24 20:59 | Variasi: Blue,Membantu?Laporkan Penyalahgunaan,,5
w*****a,2022-11-21 10:39 | Variasi: Grey,Membantu?Laporkan Penyalahgunaan,,5
,2023-03-03 10:30 | Variasi: White,Membantu?,mediaisti,5
r*****r,2023-07-11 13:39 | Variasi: Red,Membantu?Laporkan Penyalahgunaan,,5
,2023-04-07 22:51 | Variasi: Red,Membantu?,deniresqiana90,5
,2023-04-08 12:12 | Variasi: White,Membantu?,kinakiki,2
,2022-12-13 23:35 | Variasi: Green,Membantu?,sayriffwahyu,4
,2023-05-08 12:24 | Variasi: Black,Membantu?,hamdah16__,4
,2023-03-06 20:49 | Variasi: Black,Membantu?,cuanalvin,4
,2023-02-28 11:15 | Variasi: Black,Membantu?,tiesaalfiani,5
,2023-05-12 07:45 | Variasi: Black,Membantu?,lovryan212,5
g*****p,2023-05-17 06:31 | Variasi: Black,Membantu?Laporkan Penyalahgunaan,,5
,2023-03-20 21:17 | Variasi: White,Membantu?,nindyadewinta22,5
,2023-07-13 18:41 | Variasi: Pink,Membantu?,nrwndtmi,5
,2023-03-07 18:08 | Variasi: White,Membantu?,rizmafitraratri,5
,2022-11-30 22:17 | Variasi: Green,Membantu?,dewislinys,5
,2023-07-13 16:56 | Variasi: Red,Membantu?,senjatimur442,4
,2022-12-02 06:49 | Variasi: Blue,Membantu?,pamelaadna,5
,2023-07-10 17:32 | Variasi: White,Membantu?,afiqoh_dianifani,5
,2023-05-11 17:32 | Variasi: Wine Red,Membantu?,anariajamilah,5
,2022-12-03 14:05 | Variasi: Blue,Membantu?,dytadewa,5
,2023-02-08 19:33 | Variasi: White,Membantu?,herucuteboy,5
,2023-04-17 20:53 | Variasi: Red,Membantu?,anekaperawatan,5
s*****r,2023-06-29 19:45 | Variasi: Yellow,respon penjual:Hi Kak. Terima kasih sudah berbelanja di toko kami dan dan meluangkan waktunya untuk memberikan rating positif ya Kak. Really appreciate it! Jangan lupa untuk follow Amazfit Official Store agar nantinya kakak mendapatkan informasi terbaru dari toko kami. We’re lucky to have you as our great customer. Thank you again Kak :),,5
h*****2,2023-07-05 20:15 | Variasi: Dark Blue,respon penjual:Hi Kak. Terima kasih sudah berbelanja di toko kami dan dan meluangkan waktunya untuk memberikan rating positif ya Kak. Really appreciate it! Jangan lupa untuk follow Amazfit Official Store agar nantinya kakak mendapatkan informasi terbaru dari toko kami. We’re lucky to have you as our great customer. Thank you again Kak :),,5
i*****o,2023-04-01 10:33 | Variasi: Dark Blue,Membantu?Laporkan Penyalahgunaan,,5
i*****o,2022-12-09 19:57 | Variasi: Grey,Membantu?Laporkan Penyalahgunaan,,3
,2022-12-06 18:29 | Variasi: Blue,Membantu?,tjuhanda,5
,2022-11-21 16:32 | Variasi: Grey,Membantu?,shidqi2404,5
h*****_,2023-05-26 07:43 | Variasi: Black,Membantu?Laporkan Penyalahgunaan,,5
k*****o,2023-03-12 18:22 | Variasi: Black,Membantu?Laporkan Penyalahgunaan,,5
,2023-05-08 22:48 | Variasi: Black,Membantu?,tond12,5
,2023-03-26 16:48 | Variasi: Dark Blue,Membantu?,galih_bjm,5
,2023-03-13 18:49 | Variasi: Red,Membantu?,al_dina87,5
,2023-03-12 11:33 | Variasi: Blue,Membantu?,al_dina87,5
,2023-03-07 18:17 | Variasi: Black,Membantu?,bee.flowers,5
,2023-02-21 08:53 | Variasi: Yellow,Membantu?,vicky2511,5
,2023-03-27 21:24 | Variasi: Black,Membantu?,meapin.co,5
,2022-11-06 16:29 | Variasi: Dark Blue,Membantu?,bagushroom,4
,2023-03-14 05:46 | Variasi: Black,Membantu?,tegarimamp,5
,2023-06-11 21:41 | Variasi: Black,respon penjual:,enypurwati01,5
,2023-04-05 05:32 | Variasi: Pink,Membantu?,yurina1w,5
,2023-07-02 17:02 | Variasi: Dark Blue,respon penjual:,c_bread,5
,2023-03-06 23:07 | Variasi: Black,Membantu?,alvinproboyo,5
,2022-10-25 13:33 | Variasi: Blue,Membantu?,framana01,5
,2023-05-22 20:20 | Variasi: Black,Membantu?,rizqi_khafidudin,5
,2023-02-02 12:18 | Variasi: Pink,Membantu?,aidansports,5
p*****4,2022-12-16 15:12 | Variasi: Blue,Membantu?Laporkan Penyalahgunaan,,5
,2023-02-10 20:29 | Variasi: Black,Membantu?,didiksupriono,5
s*****i,2023-02-27 18:47 | Variasi: Black,Membantu?Laporkan Penyalahgunaan,,5
,2023-03-12 19:41 | Variasi: Black,Membantu?,puspitadewi_12,5
s*****r,2022-12-25 20:54 | Variasi: Green,Membantu?Laporkan Penyalahgunaan,,3
b*****i,2023-02-14 09:18 | Variasi: White,Membantu?Laporkan Penyalahgunaan,,5
,2023-02-21 15:46 | Variasi: Dark Blue,Membantu?,susansan84997,3
,2023-03-28 12:52 | Variasi: Dark Blue,Membantu?,alfianromadhan,5
n*****e,2023-04-12 17:01 | Variasi: White,Membantu?Laporkan Penyalahgunaan,,5
,2023-06-27 16:42 | Variasi: Pink,respon penjual:,trisanissusilosakti,5
,2022-11-04 10:29 | Variasi: Grey,Membantu?,mohamaderzio,5
r*****i,2023-02-16 19:03 | Variasi: Pink,Membantu?Laporkan Penyalahgunaan,,5
,2022-11-21 22:49 | Variasi: Grey,Membantu?,catallizer,5
Pengguna Shopee,2022-12-01 21:32 | Variasi: Grey,Membantu?Laporkan Penyalahgunaan,,5
,2023-02-05 14:50 | Variasi: Pink,Membantu?,ndrikkhorezon,3
,2023-06-24 15:27 | Variasi: White,respon penjual:,cuteladiesfashion,5
c*****w,2022-12-28 18:12 | Variasi: Blue,Membantu?Laporkan Penyalahgunaan,,5
a*****e,2023-05-18 04:08 | Variasi: Black,Membantu?Laporkan Penyalahgunaan,,5
,2023-03-13 14:36 | Variasi: White,Membantu?,rick_mau,5
,2023-05-28 04:30 | Variasi: Black,Membantu?,dayatmiftah,4
,2023-03-06 13:15 | Variasi: Dark Blue,Membantu?,rusdiimuhmd,5
,2023-06-18 22:53 | Variasi: Red,respon penjual:,dharmawanadi,5
,2023-02-08 22:40 | Variasi: Wine Red,Membantu?,heriansyahderi,5
,2023-03-30 13:00 | Variasi: Red,Membantu?,yudi_0501,5
,2023-04-06 11:04 | Variasi: Dark Blue,Membantu?,jpatiel,5
,2023-03-25 12:25 | Variasi: Blue,Membantu?,yudi_0501,5
a*****s,2022-10-16 09:37 | Variasi: Wine Red,Membantu?Laporkan Penyalahgunaan,,4
,2023-02-19 17:19 | Variasi: Dark Blue,Membantu?,mukhso,5
,2023-04-02 17:26 | Variasi: Dark Blue,Membantu?,fauzibakri,5
e*****i,2023-05-23 17:49 | Variasi: Black,Membantu?Laporkan Penyalahgunaan,,4
,2023-04-19 12:58 | Variasi: Dark Blue,Membantu?,galihasmorojati20,5
,2023-03-28 11:31 | Variasi: Dark Blue,Membantu?,dicky.ysnd,5
,2022-12-01 23:58 | Variasi: Green,Membantu?,kikiamels,5
s*****y,2023-05-21 19:29 | Variasi: Black,Membantu?Laporkan Penyalahgunaan,,5
,2022-09-15 21:21 | Variasi: Grey,Membantu?,rainpuspafeda,5
,2022-11-17 12:10 | Variasi: Dark Blue,Membantu?,masbambangandri,5
p*****4,2023-05-08 14:25 | Variasi: Grey,Membantu?Laporkan Penyalahgunaan,,5
,2023-04-18 06:56 | Variasi: Green,Membantu?,mentarymerry08,5
,2022-10-27 05:14 | Variasi: Grey,Membantu?,letihamidah,5
,2022-11-23 07:16 | Variasi: Dark Blue,Membantu?,zakkar,5
,2022-11-02 12:35 | Variasi: Dark Blue,Membantu?,dannykomaruddin,5
,2023-03-02 09:05 | Variasi: Black,Membantu?,arysaputro77,5
,2022-12-13 09:39 | Variasi: Green,Membantu?,retnoyudhiarti,5
,2023-05-10 05:44 | Variasi: Grey,Membantu?,adensetiadi.,5
,2023-02-18 11:00 | Variasi: Black,Membantu?,linaherliina,5
,2023-05-29 22:28 | Variasi: Black,Membantu?,0kl_hspgjx,5
,2022-11-13 15:35 | Variasi: Grey,Membantu?,inieaang,4
,2023-05-11 13:44 | Variasi: Wine Red,Membantu?,vera.lestari99,5
,2023-03-20 16:06 | Variasi: Black,Membantu?,numi_thriftshop,5
,2023-03-21 21:55 | Variasi: Dark Blue,Membantu?,nurzaini_maksum,4
,2023-01-28 10:15 | Variasi: Black,Membantu?,yessyshelia05,5
,2023-04-08 19:22 | Variasi: Dark Blue,Membantu?,amuinsyarif,5
b*****i,2023-05-11 20:20 | Variasi: Grey,Membantu?Laporkan Penyalahgunaan,,5
y*****o,2022-11-14 21:39 | Variasi: Dark Blue,Membantu?Laporkan Penyalahgunaan,,4
,2023-03-30 04:59 | Variasi: Dark Blue,Membantu?,denis.aa,5
s*****1,2023-05-15 17:22 | Variasi: Black,Membantu?Laporkan Penyalahgunaan,,5
,2022-11-30 19:02 | Variasi: Green,Membantu?,melodyhwarang,5
,2023-05-13 01:05 | Variasi: Grey,Membantu?,dimaz_1973,5
,2023-05-12 08:03 | Variasi: Wine Red,Membantu?,diansudio,5
i*****2,2023-03-08 14:37 | Variasi: Wine Red,Membantu?Laporkan Penyalahgunaan,,4
y*****2,2023-05-11 11:31 | Variasi: Wine Red,Membantu?Laporkan Penyalahgunaan,,5
,2023-01-30 20:21 | Variasi: Pink,Membantu?,faisal.adi.saputra,5
,2023-04-11 20:16 | Variasi: White,Membantu?,hendrikoey7888,5
,2023-04-09 18:34 | Variasi: Red,Membantu?,muawanah_reza,5
s*****o,2022-09-21 09:50 | Variasi: Dark Blue,Membantu?Laporkan Penyalahgunaan,,5
,2023-01-18 10:40 | Variasi: Grey,Membantu?,ria.gloria,5
,2023-04-24 10:46 | Variasi: White,Membantu?,80nrr7em69,5
,2023-02-15 01:59 | Variasi: Wine Red,Membantu?,marel766,5
,2022-10-22 12:38 | Variasi: Blue,Membantu?,mugi_handayani22,5
,2023-04-07 16:56 | Variasi: Red,Membantu?,anggit4st,5
r*****o,2023-04-18 00:58 | Variasi: Red,Membantu?Laporkan Penyalahgunaan,,5
,2023-04-09 01:10 | Variasi: Dark Blue,Membantu?,yenipurnama_,5
,2023-04-03 16:02 | Variasi: Red,Membantu?,arian_arby,5
,2023-04-03 18:09 | Variasi: Blue,Membantu?,Pengguna Shopee,5
,2023-03-29 22:38 | Variasi: Blue,Membantu?,akbarbagussaputra,5
,2023-03-27 21:13 | Variasi: Dark Blue,Membantu?,e.kartika67,5
,2023-02-13 17:39 | Variasi: Wine Red,Membantu?,ferdynandus1985,5
,2023-02-02 23:56 | Variasi: Wine Red,Membantu?,malik_antara,5
,2023-03-17 11:23 | Variasi: Blue,Membantu?,erma432,5
,2023-03-14 01:17 | Variasi: Black,Membantu?,yonpatt,5
c*****a,2023-03-12 13:19 | Variasi: Black,Membantu?Laporkan Penyalahgunaan,,5
,2023-03-11 10:19 | Variasi: White,Membantu?,gchiinrwsn,5
,2023-03-08 17:00 | Variasi: Black,Membantu?,basicmen,5
,2023-03-05 11:35 | Variasi: Red,Membantu?,randy2823,5
,2023-02-27 03:33 | Variasi: Black,Membantu?,rsulandari,5
,2023-02-23 15:39 | Variasi: Dark Blue,Membantu?,randy2823,5
,2023-02-19 12:33 | Variasi: Yellow,Membantu?,mhd_ikhsan.93,5
,2023-02-17 15:17 | Variasi: Black,Membantu?,8gm0mlzrp8,5
,2023-02-16 05:54 | Variasi: White,Membantu?,lalalatiifah19,5
,2023-02-16 19:17 | Variasi: White,Membantu?,ayodie,5
,2023-02-14 22:51 | Variasi: Wine Red,Membantu?,kangtana,5
,2023-02-14 12:53 | Variasi: Pink,Membantu?,lalalatiifah19,5
,2023-02-10 09:45 | Variasi: Yellow,Membantu?,yanz2408,5
,2023-02-07 12:34 | Variasi: White,Membantu?,kadekjian,5
,2023-02-07 08:26 | Variasi: White,Membantu?,emmyliana22,5
,2023-02-07 01:08 | Variasi: Pink,Membantu?,kadekjian,5
,2023-02-07 17:58 | Variasi: Wine Red,Membantu?,putrinurhasan,5
,2023-01-30 20:02 | Variasi: Dark Blue,Membantu?,indytk99,5
a*****0,2023-01-23 17:30 | Variasi: White,Membantu?Laporkan Penyalahgunaan,,5
,2023-01-07 05:51 | Variasi: Green,Membantu?,marendrapm,5
,2022-11-24 08:37 | Variasi: Grey,Membantu?,ekkyfebriadi,5
,2022-10-07 17:25 | Variasi: White,Membantu?,xhanmi,5
f*****g,2022-11-12 11:47 | Variasi: Green,Membantu?Laporkan Penyalahgunaan,,5
,2022-10-26 08:36 | Variasi: Blue,Membantu?,tokomajumapan19,5
,2022-12-21 21:41 | Variasi: Blue,Membantu?,karanaian,5
l*****6,2022-09-25 18:32 | Variasi: Dark Blue,Membantu?Laporkan Penyalahgunaan,,5
t*****k,2022-11-30 20:44 | Variasi: Grey,Membantu?Laporkan Penyalahgunaan,,5
,2022-10-15 21:48 | Variasi: Dark Blue,Membantu?,zackypurnamas,5
,2022-12-01 15:16 | Variasi: Grey,Membantu?,andiharis903,5
g*****e,2022-11-23 00:46 | Variasi: Grey,Membantu?Laporkan Penyalahgunaan,,5
a*****m,2022-10-16 11:03 | Variasi: Wine Red,Membantu?Laporkan Penyalahgunaan,,5
,2023-02-09 16:02 | Variasi: Wine Red,Membantu?,chachand,4
,2023-02-25 15:12 | Variasi: Green,Membantu?,farida_613,1
